{"cameraMode":{"drawMode":0,"name":"Shaded","section":"Shading Mode"},"sceneLighting":true,"audioPlay":false,"sceneViewState":{"showFog":true,"showMaterialUpdate":false,"showSkybox":true,"showFlares":true,"showImageEffects":true,"showParticleSystems":true},"in2DMode":false,"pivot":{"x":-3.804455518722534,"y":5.186522960662842,"z":-10.043991088867188},"rotation":{"x":0.04930693656206131,"y":0.5680660009384155,"z":-0.03412491828203201,"w":0.820796012878418},"size":9.844695091247559,"orthographic":true}