{"cameraMode":{"drawMode":0,"name":"Shaded","section":"Shading Mode"},"sceneLighting":true,"audioPlay":false,"sceneViewState":{"showFog":true,"showMaterialUpdate":false,"showSkybox":true,"showFlares":true,"showImageEffects":true,"showParticleSystems":true},"in2DMode":false,"pivot":{"x":-3.804455518722534,"y":5.186522960662842,"z":-10.043991088867188},"rotation":{"x":0.04727443307638168,"y":0.17085634171962739,"z":-0.008207401260733605,"w":0.984127938747406},"size":9.844695091247559,"orthographic":true}