{"cameraMode":{"drawMode":0,"name":"Shaded","section":"Shading Mode"},"sceneLighting":true,"audioPlay":false,"sceneViewState":{"showFog":true,"showMaterialUpdate":false,"showSkybox":true,"showFlares":true,"showImageEffects":true,"showParticleSystems":true},"in2DMode":false,"pivot":{"x":-7.279326438903809,"y":4.57652473449707,"z":-14.510294914245606},"rotation":{"x":0.10475712269544602,"y":0.45725342631340029,"z":-0.05440303683280945,"w":0.8815403580665588},"size":4.071948528289795,"orthographic":true}