{"cameraMode":{"drawMode":0,"name":"Shaded","section":"Shading Mode"},"sceneLighting":true,"audioPlay":false,"sceneViewState":{"showFog":true,"showMaterialUpdate":false,"showSkybox":true,"showFlares":true,"showImageEffects":true,"showParticleSystems":true},"in2DMode":false,"pivot":{"x":-4.8836588859558109,"y":5.304182052612305,"z":-13.512870788574219},"rotation":{"x":0.07629229873418808,"y":-0.7941470742225647,"z":-0.10196053236722946,"w":-0.5942366719245911},"size":6.793601989746094,"orthographic":false}