{"cameraMode":{"drawMode":0,"name":"Shaded","section":"Shading Mode"},"sceneLighting":false,"audioPlay":false,"sceneViewState":{"showFog":true,"showMaterialUpdate":false,"showSkybox":false,"showFlares":true,"showImageEffects":true,"showParticleSystems":true},"in2DMode":false,"pivot":{"x":-4.61812162399292,"y":-0.1667100042104721,"z":-4.150469779968262},"rotation":{"x":0.5330213308334351,"y":0.22956755757331849,"z":-0.1529817134141922,"w":0.7998664975166321},"size":32.81242370605469,"orthographic":false}